{"cameraMode":{"drawMode":0,"name":"Shaded","section":"Shading Mode"},"sceneLighting":true,"audioPlay":false,"sceneViewState":{"showFog":true,"showMaterialUpdate":false,"showSkybox":true,"showFlares":true,"showImageEffects":true,"showParticleSystems":true},"in2DMode":false,"pivot":{"x":-0.19150808453559876,"y":17.065673828125,"z":-4.3988165855407719},"rotation":{"x":0.635376513004303,"y":0.023114386945962907,"z":-0.019107718020677568,"w":0.7717111110687256},"size":4.7604522705078129,"orthographic":false}